{
  "trained_at": 1773054257,
  "auc": 0.8844770337576092,
  "support": 6675,
  "positive_ratio": 0.10397003745318352,
  "classification_report": {
    "0": {
      "precision": 0.963996399639964,
      "recall": 0.8954849498327759,
      "f1-score": 0.9284785435630689,
      "support": 1196.0
    },
    "1": {
      "precision": 0.4419642857142857,
      "recall": 0.7122302158273381,
      "f1-score": 0.5454545454545454,
      "support": 139.0
    },
    "accuracy": 0.8764044943820225,
    "macro avg": {
      "precision": 0.7029803426771248,
      "recall": 0.803857582830057,
      "f1-score": 0.7369665445088072,
      "support": 1335.0
    },
    "weighted avg": {
      "precision": 0.9096424941450807,
      "recall": 0.8764044943820225,
      "f1-score": 0.8885981422618817,
      "support": 1335.0
    }
  },
  "feature_means": {
    "rsi14": 49.41854014240512,
    "macd_hist": 0.0005304153030334602,
    "bb_width": 0.005062151207049952,
    "atr_pct": 0.0014743821738734488,
    "ret_5": -4.90683310846569e-05,
    "ret_15": -0.00014865023134285062,
    "slope_30": -1.260685207617427e-05,
    "volume_ratio": 1.0108948888692797,
    "volume_trend": 0.013073866643135592,
    "spread_pct": 0.0004965423510767565,
    "liquidity_score": 7.214523025330375
  },
  "feature_stds": {
    "rsi14": 3.3028488632667194,
    "macd_hist": 0.04701534797951095,
    "bb_width": 0.002880225536505896,
    "atr_pct": 0.0006980644353949539,
    "ret_5": 0.003680785856292721,
    "ret_15": 0.005995340403711722,
    "slope_30": 0.00029892379377613926,
    "volume_ratio": 0.8284401342048543,
    "volume_trend": 0.994128161045825,
    "spread_pct": 0.00042516663397829026,
    "liquidity_score": 0.9999229886040755
  }
}