{
  "trained_at": 1774598194,
  "samples_total": 166,
  "samples_train": 132,
  "samples_test": 34,
  "positive_ratio": 0.42168674698795183,
  "cv_auc_mean": 0.8765601503759399,
  "cv_auc_std": 0.057036889774806664,
  "test_accuracy": 0.8823529411764706,
  "test_auc": 0.9125,
  "test_precision_0": 0.9444444444444444,
  "test_precision_1": 0.8125,
  "test_recall_1": 0.9285714285714286,
  "test_f1_1": 0.8666666666666667,
  "classification_report": {
    "0": {
      "precision": 0.9444444444444444,
      "recall": 0.85,
      "f1-score": 0.8947368421052632,
      "support": 20.0
    },
    "1": {
      "precision": 0.8125,
      "recall": 0.9285714285714286,
      "f1-score": 0.8666666666666667,
      "support": 14.0
    },
    "accuracy": 0.8823529411764706,
    "macro avg": {
      "precision": 0.8784722222222222,
      "recall": 0.8892857142857142,
      "f1-score": 0.880701754385965,
      "support": 34.0
    },
    "weighted avg": {
      "precision": 0.8901143790849674,
      "recall": 0.8823529411764706,
      "f1-score": 0.8831785345717235,
      "support": 34.0
    }
  },
  "confusion_matrix": [
    [
      17,
      3
    ],
    [
      1,
      13
    ]
  ],
  "feature_importance": {
    "feature_0": 0.777366578578949,
    "feature_1": 0.0,
    "feature_2": 0.0,
    "feature_3": 0.0,
    "feature_4": 0.22263343632221222
  },
  "scaler_mean": [
    1.7886585057593734,
    0.0,
    50.0,
    0.5843373493975904,
    614.8242268429603
  ],
  "scaler_scale": [
    4.353685557589715,
    1.0,
    1.0,
    3.675315966343634,
    218.64912200180578
  ],
  "feature_names": [
    "score",
    "ml_score",
    "rsi_at_buy",
    "dca_buys",
    "hold_duration_hours"
  ],
  "quality_threshold_met": true
}