{
  "trained_at": 1773723533,
  "samples_total": 163,
  "samples_train": 130,
  "samples_test": 33,
  "positive_ratio": 0.4110429447852761,
  "cv_auc_mean": 0.9082967032967032,
  "cv_auc_std": 0.03077412042537431,
  "test_accuracy": 0.9090909090909091,
  "test_auc": 0.943609022556391,
  "test_precision_0": 0.9444444444444444,
  "test_precision_1": 0.8666666666666667,
  "test_recall_1": 0.9285714285714286,
  "test_f1_1": 0.896551724137931,
  "classification_report": {
    "0": {
      "precision": 0.9444444444444444,
      "recall": 0.8947368421052632,
      "f1-score": 0.918918918918919,
      "support": 19.0
    },
    "1": {
      "precision": 0.8666666666666667,
      "recall": 0.9285714285714286,
      "f1-score": 0.896551724137931,
      "support": 14.0
    },
    "accuracy": 0.9090909090909091,
    "macro avg": {
      "precision": 0.9055555555555556,
      "recall": 0.9116541353383458,
      "f1-score": 0.907735321528425,
      "support": 33.0
    },
    "weighted avg": {
      "precision": 0.9114478114478114,
      "recall": 0.9090909090909091,
      "f1-score": 0.9094298059815301,
      "support": 33.0
    }
  },
  "confusion_matrix": [
    [
      17,
      2
    ],
    [
      1,
      13
    ]
  ],
  "feature_importance": {
    "feature_0": 0.7890001535415649,
    "feature_1": 0.0,
    "feature_2": 0.0,
    "feature_3": 0.0,
    "feature_4": 0.21099989116191864
  },
  "scaler_mean": [
    1.7508792144543313,
    0.0,
    50.0,
    0.43558282208588955,
    380.15722373111646
  ],
  "scaler_scale": [
    4.322186888810235,
    1.0,
    1.0,
    3.412421930729632,
    211.50264258018902
  ],
  "feature_names": [
    "score",
    "ml_score",
    "rsi_at_buy",
    "dca_buys",
    "hold_duration_hours"
  ],
  "quality_threshold_met": true
}