{
  "trained_at": 1776925294,
  "samples_total": 500,
  "samples_train": 400,
  "samples_test": 100,
  "positive_ratio": 0.64,
  "cv_auc_mean": 0.4800347222222222,
  "cv_auc_std": 0.025210999533780615,
  "test_accuracy": 0.63,
  "test_auc": 0.5859374999999999,
  "test_precision_0": 0.4864864864864865,
  "test_precision_1": 0.7142857142857143,
  "test_recall_1": 0.703125,
  "test_f1_1": 0.7086614173228346,
  "classification_report": {
    "0": {
      "precision": 0.4864864864864865,
      "recall": 0.5,
      "f1-score": 0.4931506849315068,
      "support": 36.0
    },
    "1": {
      "precision": 0.7142857142857143,
      "recall": 0.703125,
      "f1-score": 0.7086614173228346,
      "support": 64.0
    },
    "accuracy": 0.63,
    "macro avg": {
      "precision": 0.6003861003861004,
      "recall": 0.6015625,
      "f1-score": 0.6009060511271707,
      "support": 100.0
    },
    "weighted avg": {
      "precision": 0.6322779922779923,
      "recall": 0.63,
      "f1-score": 0.6310775536619566,
      "support": 100.0
    }
  },
  "confusion_matrix": [
    [
      18,
      18
    ],
    [
      19,
      45
    ]
  ],
  "feature_importance": {
    "feature_0": 0.24783673882484436,
    "feature_1": 0.2561150789260864,
    "feature_2": 0.25039586424827576,
    "feature_3": 0.24565236270427704,
    "feature_4": 0.0
  },
  "scaler_mean": [
    6.58588987950489,
    0.4931875132309433,
    50.59860767002063,
    1.512,
    0.0
  ],
  "scaler_scale": [
    2.0849456880563846,
    0.9055060508138636,
    14.10239345320879,
    1.1531938258592958,
    1.0
  ],
  "feature_names": [
    "score",
    "ml_score",
    "rsi_at_buy",
    "dca_buys",
    "hold_duration_hours"
  ],
  "quality_threshold_met": false
}