{
  "trained_at": 1776361886,
  "samples_total": 194,
  "samples_train": 155,
  "samples_test": 39,
  "positive_ratio": 0.5103092783505154,
  "cv_auc_mean": 0.917590027700831,
  "cv_auc_std": 0.03732166590133838,
  "test_accuracy": 0.7948717948717948,
  "test_auc": 0.8763157894736842,
  "test_precision_0": 0.7037037037037037,
  "test_precision_1": 1.0,
  "test_recall_1": 0.6,
  "test_f1_1": 0.75,
  "classification_report": {
    "0": {
      "precision": 0.7037037037037037,
      "recall": 1.0,
      "f1-score": 0.8260869565217391,
      "support": 19.0
    },
    "1": {
      "precision": 1.0,
      "recall": 0.6,
      "f1-score": 0.75,
      "support": 20.0
    },
    "accuracy": 0.7948717948717948,
    "macro avg": {
      "precision": 0.8518518518518519,
      "recall": 0.8,
      "f1-score": 0.7880434782608696,
      "support": 39.0
    },
    "weighted avg": {
      "precision": 0.8556505223171889,
      "recall": 0.7948717948717948,
      "f1-score": 0.7870680044593088,
      "support": 39.0
    }
  },
  "confusion_matrix": [
    [
      19,
      0
    ],
    [
      8,
      12
    ]
  ],
  "feature_importance": {
    "feature_0": 0.31933602690696716,
    "feature_1": 0.0,
    "feature_2": 0.0,
    "feature_3": 0.5632487535476685,
    "feature_4": 0.1174151822924614
  },
  "scaler_mean": [
    2.5751057452771096,
    0.0,
    50.0,
    0.7525773195876289,
    939.2586847563985
  ],
  "scaler_scale": [
    5.555029214674649,
    1.0,
    1.0,
    3.793730389028751,
    416.29009929868005
  ],
  "feature_names": [
    "score",
    "ml_score",
    "rsi_at_buy",
    "dca_buys",
    "hold_duration_hours"
  ],
  "quality_threshold_met": true
}