{
  "accuracy": 0.8648648648648649,
  "precision": 0.875,
  "recall": 0.6363636363636364,
  "f1_score": 0.7368421052631579,
  "roc_auc": 0.9632867132867133,
  "confusion_matrix": [
    [
      25,
      1
    ],
    [
      4,
      7
    ]
  ],
  "timestamp": "2025-12-24T10:23:34.721784",
  "top_10_features": {
    "exit_price": 0.538030743598938,
    "entry_price": 0.3153141140937805,
    "sma": 0.1466551125049591,
    "close_timestamp": 0.0,
    "rsi": 0.0,
    "macd": 0.0,
    "volume": 0.0
  },
  "best_params": {
    "max_depth": 5,
    "learning_rate": 0.1,
    "n_estimators": 200,
    "min_child_weight": 3,
    "subsample": 0.8,
    "colsample_bytree": 0.8
  },
  "feature_count": 7,
  "train_samples": 144,
  "test_samples": 37,
  "train_win_rate": 0.3125,
  "test_win_rate": 0.2972972972972973
}