{
  "start_capital": 1500.0,
  "results": [
    {
      "name": "BOT-TAKER",
      "round_trip_fee_pct": 0.5,
      "trades": 278,
      "wins": 148,
      "win_rate": 0.5323741007194245,
      "end_equity": 1438.0499999999865,
      "total_pnl": -61.95000000001346,
      "roi_pct": -4.1300000000009,
      "annual_roi_pct": -26.504615384621143,
      "max_drawdown_pct": -4.311636424172649,
      "skipped_full_slots": 13486,
      "skipped_no_capital": 0,
      "test_days": 56.875
    },
    {
      "name": "BOT-MAKER",
      "round_trip_fee_pct": 0.4,
      "trades": 276,
      "wins": 151,
      "win_rate": 0.5471014492753623,
      "end_equity": 1453.1350000000089,
      "total_pnl": -46.86499999999114,
      "roi_pct": -3.1243333333327405,
      "annual_roi_pct": -20.050666666662874,
      "max_drawdown_pct": -3.3253990711913755,
      "skipped_full_slots": 8730,
      "skipped_no_capital": 0,
      "test_days": 56.875
    },
    {
      "name": "DCA-BTCETH-70/30",
      "weekly_invest_eur": 50.0,
      "fee_pct": 0.15,
      "deployed_capital": 400.0,
      "btc_amount": 0.004590682481355636,
      "eth_amount": 0.06476657167739301,
      "cash_left": 1100.0,
      "end_equity": 1535.3833910247058,
      "total_pnl": 35.383391024705816,
      "roi_pct": 2.358892734980378,
      "annual_roi_pct": 14.35990295929687,
      "max_drawdown_pct": -1.4892797384375045,
      "test_days": 59.958333333333336
    },
    {
      "name": "BH-BTCETH-70/30",
      "fee_pct": 0.25,
      "btc_buy_price": 55837.0,
      "eth_buy_price": 1614.57,
      "btc_end_price": 66862.0,
      "eth_end_price": 1983.14,
      "end_equity": 1805.521962121431,
      "total_pnl": 305.521962121431,
      "roi_pct": 20.368130808095408,
      "annual_roi_pct": 123.99223480119228,
      "max_drawdown_pct": -11.698580566108852,
      "test_days": 59.958333333333336
    }
  ]
}